{"cameraMode":{"drawMode":0,"name":"Shaded","section":"Shading Mode"},"sceneLighting":true,"audioPlay":false,"sceneViewState":{"m_AlwaysRefresh":false,"showFog":true,"showSkybox":true,"showFlares":true,"showImageEffects":true,"showParticleSystems":true,"showVisualEffectGraphs":true,"m_FxEnabled":true},"in2DMode":false,"pivot":{"x":1.8373593091964722,"y":0.9221273064613342,"z":0.32328346371650698},"rotation":{"x":0.000844314054120332,"y":0.7047756910324097,"z":0.0008393684402108192,"w":-0.7094426155090332},"size":3.073723793029785,"orthographic":false}